CH1,CH2,CH27,CH28
5.71653053274987,23.3665747743298,-56.3457981862054,-29.3020783427611
-4.68485674969429,20.0280934137925,-69.0771400573255,-28.3582326330935
-20.2996900166279,21.3914514604558,-52.0294328092106,-30.7619251066159
14.5840291171568,21.9001385492365,-48.4836887019344,-28.0350177159158
11.0690463288334,23.3258224489023,-52.7460922730207,-24.4084965902689
10.8846273784006,19.2161451293479,-59.7511597428312,-26.7177532034246
-11.2357122283417,24.005976864065,-68.6784311417019,-29.2338201503318
-21.1221487418689,20.8407811947913,-66.0298985706431,-29.8519517807871
8.82787264431685,23.4851879817982,-41.9460273330575,-35.2805945305558
15.6805272059781,23.2548050600857,-50.9056621478422,-27.251019128863
11.4764894542093,22.9696834687151,-51.9533997207585,-34.8278139243744
0.963789388444223,19.8590756586569,-65.0722487435998,-31.6075761650764
-16.4404163334234,19.839340108626,-73.2947454089244,-36.1957821622349
-7.17553920335812,22.6637295577812,-51.6300227109446,-28.2441298524816
17.5747066610623,25.1737454211888,-46.5030144263297,-30.1809747867744
15.278920550225,23.3730580683726,-54.9537885449078,-27.384348577166
4.22064049863286,21.7388755683928,-63.6247589167715,-30.4166958466487
-10.1972131896181,21.5650587318496,-73.3888709975744,-31.366536769552
-20.9342367065077,19.2174777758983,-55.0886831218031,-32.9590787751338
15.3326016779609,23.0322650553458,-49.809755210228,-25.9139384764196
12.7738217855439,26.5603352729626,-45.2247986642656,-34.0762603743884
13.3484995786042,20.555906536448,-58.3291485951439,-27.8092400430758
-1.19149564887252,19.0089895826455,-66.5743297744011,-32.017857708786
-17.300340033459,19.9737000838933,-72.2560491845612,-31.4279099465546
5.81644627556122,23.0392336245863,-43.5042839792588,-34.5777391104911
15.8959142040855,24.5534873102479,-50.9742716237416,-28.4889354733117
10.5407289109648,24.6649406528024,-50.5587688167635,-35.0033788582744
1.80914508971463,19.7268823095187,-65.5018014521468,-31.3911595823984
-9.40268023691141,16.0017260098229,-76.5709050496794,-32.2026008158364
-15.1219928018887,16.0840321905605,-56.75769598863,-30.6793203893802
15.307852872278,20.7800013728256,-51.9401092524938,-35.356940990784
7.53874793217159,21.9111755109521,-54.7018069662321,-36.778704414702
3.35578107165069,16.960698566343,-64.8658887920929,-35.0081292486645
-6.99908400649545,14.6530546639044,-79.9262076466793,-31.9175030857695
-24.4520750525195,13.9403087054026,-70.8721487795756,-30.1491632656374
9.56918412181563,22.3093491821809,-55.888809122472,-34.9202087049714
14.6561459328781,25.2722168695903,-58.0677942147747,-38.2685916246931
6.62227930819934,23.2217312394958,-62.6359984763616,-41.8641679677911
-13.854869193642,21.8359449954414,-73.7437923334324,-39.9848450525896
-26.6679655059602,17.7196498749751,-81.8387312480233,-41.5318210212697
-11.6483952366914,23.1580145227178,-60.3330205523916,-36.2947374211124
15.2432238461396,23.5403159112724,-48.0560558463603,-40.2501941879149
18.813982744986,27.0170993705624,-48.8644382507257,-42.3028625074088
6.26900461123993,22.8059654895702,-65.3440979160011,-38.9122230603342
-10.2885526748464,18.9949005199325,-78.0683324732094,-41.5670123151053
-8.37620564854649,17.5486891589785,-45.9375584449899,-42.7583132419656
22.7770271783067,23.7635124876978,-42.6549389882065,-38.5135668853396
20.8216890791098,22.0083579236993,-50.2449272351268,-43.2749908047512
7.88656542037839,20.9615264803591,-61.6099868162988,-44.0702671050375
-7.83559292373835,18.8253726010546,-70.3829291769005,-41.3333522515195
-20.218884589323,18.0321633742582,-55.011275102492,-42.9566817663113
22.4801897869245,20.3532492136415,-49.4979482079844,-38.1591477910558
18.2931025727432,21.3329363338552,-54.8982966899681,-38.5386751387732
13.1512307026292,20.2729388309957,-57.6190963419725,-42.5068877000935
2.77793921590542,18.2904825177988,-66.7307993575734,-42.4962321073306
-12.2135185471702,14.762102429027,-57.374901001511,-43.5124733070136
19.7502408023255,21.7031744724519,-41.5665556895246,-42.5908636106754
19.9649177408132,22.6129853563162,-47.6057225035254,-40.3979445905691
15.883620481017,20.6487623419662,-52.2829257764916,-43.5985123215467
6.66137677684677,14.975102058577,-66.5782018517424,-39.2352490750889
-9.43256161472907,18.5953128706562,-63.9452611312521,-43.5238651678649
18.8491639995516,21.5223323023774,-39.7773936540745,-43.1372501908912
31.8111130857342,21.0195462852913,-42.0887978101839,-44.8849786256129
27.4677320824502,17.2927107368422,-45.9146851789537,-43.0562492134033
12.6150916069941,16.9885770905863,-54.5806227467606,-45.3907453681331
1.81537654597616,15.0103845295899,-66.6525273992649,-44.1615732699343
15.900209357077,18.4253633020533,-36.2216509495521,-42.6410170426
36.5306439292659,20.0795646107975,-37.3407581266846,-45.0559197655301
33.6122681343875,17.2678149236634,-41.0349548707797,-42.1206234444261
23.1069565380975,17.636875824602,-53.0053733230087,-42.2240247296063
12.4031369773715,13.8947522859531,-59.8656688206114,-50.2008631484122
5.02855620279228,14.5530799938848,-39.1387695669873,-45.7879094755834
36.242823307574,24.3315346676914,-33.3425177392261,-45.88668566277
39.074598778908,16.9419471418289,-42.0355019940561,-41.0139961462345
31.7082674499325,17.8001133011662,-47.6433007212382,-47.1157460165394
19.3080021286736,12.9147450320442,-57.5195474506063,-46.9806554394097
4.14829520779322,13.8905663971158,-51.4823720325233,-40.8516892481674
39.1933208844555,19.6586046054387,-36.4683255415254,-41.508300908517
39.074274228497,20.5134008942634,-39.7990887982882,-46.432620105756
36.3179786974164,14.5968465153305,-44.5964079126637,-43.9588995015599
19.7233088840701,16.9574485402549,-46.9513114223627,-39.34349151308
-5.93582397375734,11.3509471115722,-55.4724547102525,-46.5520843914356
15.4830090848025,18.5575544405201,-35.6188813227108,-42.2476768191504
22.2323447601322,13.9926868074501,-37.7170847108982,-35.4806397683349
5.28216044561775,12.7748327991779,-42.8553878333117,-34.9390350871664
-8.68314178099141,7.74301043009483,-42.7814185620712,-37.4908075130267
-29.1106554674035,2.46810469723741,-48.162253393117,-28.9802182017162
1.57769785204349,17.0101545566955,-22.6999012901047,-25.1835117712057
37.8212347656523,24.9066712680363,-14.6587221911891,-22.4029383910918
19.838524909355,22.5513202343841,-13.5355526644164,-23.295696687692
7.35875427964887,15.3111293679737,-25.0913719961996,-22.2967136561877
-2.22700408528458,13.01080298006,-30.3180273636689,-28.6709283297714
-13.1223586544729,10.3965291063454,-11.402167619868,-24.2414586442551
9.95481511298276,17.8545944960551,-0.268000068083304,-20.318176900553
11.7912361884741,15.50274975155,-3.13716841737588,-18.1012433705286
7.20396185295484,12.5308046846815,-5.76262225866004,-20.4591927253895
-6.49963069080179,13.3230761205647,-17.8788894102972,-16.9052575066575
-15.0267831709451,10.4158025833175,4.57093976140169,-17.6742269401812
14.8780394093083,14.2753877565511,23.1906923556318,-16.5160615078184
25.3913259013042,16.383297094648,21.6940036290057,-16.7700011008892
23.1646644894196,12.1347198920219,16.9469014514083,-9.04994336820756
7.69662811199331,9.52255710481847,13.9791193204335,-11.5489768229779
-0.241414062309988,6.75440289069202,32.1055226547476,-14.8163033510936
19.5846176828192,12.6338231561607,50.9094053067721,-8.88921282938545
29.7780463337207,14.0982972169694,55.2228176434198,-7.95686365843938
29.8797922372944,11.5517039258966,54.4748041445757,-12.3888161581582
16.5693401595849,9.75425342435883,44.0346351880871,-5.7285599873243
6.03643426709235,10.5587967894833,40.6086656727052,-7.07084571478812
24.6645513974995,12.446527393324,71.2680846532699,-7.3434391928662
41.4432164062846,9.29159593570347,69.8042315792549,-3.67495952006086
33.9236938876132,14.2540780865256,73.5377042911726,-6.16757060505008
29.5788078472525,12.273698904822,66.137091414057,-7.88500889556114
18.9952363688766,9.03174108782203,56.4272981692491,-7.30415705170705
14.8414672351417,9.33583381914471,77.5134300719309,-3.22377884068308
41.3144934851569,16.8271319160853,78.8675639736354,-2.83842536990315
41.1832671100501,13.2494012536634,81.8940307371683,-2.24081154695797
30.8283721431497,19.0682192250008,71.3130152767052,-2.70598118283174
20.3273731987944,15.5313931156692,65.427484639068,-6.43118874803327
7.1596680396108,13.9413179254523,57.4972999428922,-2.91563045061956
32.0245670692289,14.4806240691062,67.39624464845,-0.0849834314334909
24.4288711802295,13.0978445173393,68.2018624147824,-3.96796497094492
26.7999924571349,13.7484461614392,61.7106252587615,-2.08801914072125
20.858274766981,11.2017377813825,56.6388702845588,-6.39790827820607
10.0345977969335,11.7449543178551,45.6675009978557,-3.78411889424977
12.1256057094715,13.1013996347427,59.9576167395496,2.8035897493649
18.8652001428274,11.5198203475519,47.9187491086131,4.93798542840606
13.1514830582066,9.46441837775498,43.3561979684468,10.920893786441
5.60468390619632,6.83732597042114,30.7946869171968,9.15784268296093
-4.46270006954315,1.79031141731919,16.7969935439201,12.8042869779494
-15.7651661145578,-1.18252512768516,17.6402407611814,20.6525847242319
-6.30179002368871,4.25539424462053,17.6766584131258,21.3221668531273
-9.68590485304625,-0.896121113829827,9.60018484522207,25.8023863897143
-14.5103617842086,-2.42428301503163,3.38144829009542,27.247896228184
-21.7879599582572,-4.95687007974241,-5.34097546883382,26.1114857625332
-32.082580165901,-8.71867998410022,-14.2416140600119,30.7494074043095
-15.9591899435973,-9.6027361620934,-2.53250338690642,35.3691687478558
-13.4601665834088,-9.71591345069432,-12.5032878111438,40.5227788190951
-21.1507157781135,-7.6717187057945,-19.4767734798473,38.8078572311727
-27.2148526447381,-14.0789812483837,-25.2083646162326,38.5069125468914
-34.6405316936061,-14.8468034132751,-42.114877172806,43.0652606940052
-29.3873845866606,-12.2513455909923,-18.4915713231188,41.4361140050136
-10.8984875679593,-10.4241047595739,-20.7115567452792,40.4153122434874
-13.1733428593399,-11.8519530564876,-25.7324042442703,43.7841467946779
-16.4985516898171,-12.5139607839198,-38.7945429015791,47.2981849322109
-27.8286303474329,-12.2147391905349,-48.4620839279468,41.543785506667
-32.8124791966794,-13.7340042488168,-35.1408948113022,48.4039976341915
-8.81606668564638,-7.92089684343119,-31.9180714370382,40.1116516815997
-16.5286142169414,-4.42868066359271,-37.6397293746537,43.795130240487
-16.5226011345698,-9.47859147016799,-46.4436161713888,42.6253783648146
-22.6377303692681,-10.8565594187913,-55.3886616189246,38.5025118476275
-34.6483569263572,-8.75194092041877,-48.9461883205218,38.1451157090904
-14.0786861503535,-3.22120718170056,-40.8518618725141,37.6358413902512
-10.5085380103172,-4.17261598698393,-43.2578977711429,33.4994661561237
-13.7616200953908,-5.31348902014037,-53.0992210339919,33.4479552247586
-22.5415270992108,-5.37701714893954,-54.8848968723194,28.5786857098085
-36.1645618715804,-1.99834240253253,-56.6003944268483,27.0193348545084
-12.5455750090001,0.819127204624249,-41.9546024907823,32.4022984261306
-4.12389035836836,2.66331860657645,-41.5232859107118,25.3920666797263
-4.20859344171459,0.740933931195634,-45.3047801494697,25.2344745167885
-13.3381464926701,0.0353424737871491,-53.5283920430731,24.7364034629039
-22.6945231127209,0.436746399631423,-55.6078778304403,20.1511771975063
-10.6576309282618,4.4642241718774,-32.3072231951462,22.7753619351512
9.18972323104891,6.45240523978579,-24.2227050466445,17.3797359235381
2.74532161644642,8.25423404992622,-27.6216419565447,17.7190235815437
-0.166498678715902,6.2239568331013,-32.9190468092535,15.7281099135504
-11.258606822343,7.25746570047922,-36.5881802065418,11.6274041406297
-8.20926787218502,6.44377566680628,-12.6769336199785,12.7782641955996
19.6429212119476,10.8539637659708,-8.44670171042844,15.828848909739
18.1614834323823,12.4432365674174,-7.46451628497116,13.3802999286243
17.5973277248874,6.70387183628515,-14.3980991157149,13.5037083019927
0.480626042685001,13.0093246135118,-15.4791691338872,7.76904189109992
-4.65413680347968,8.85360043955644,0.645880330596086,13.1788270149443
24.8202310589079,16.1541168693114,20.3873659039593,5.90403838176569
26.3786497252102,16.7335016175446,18.5424022402724,9.41089667807265
30.6068854931188,13.8202444744732,12.8671215550798,0.640967644668585
16.0772657551663,14.7672702855583,8.75709230147771,2.72950291326411
7.29955295762566,9.37306588440652,6.71288346833137,17.796966020286
32.8364046759717,17.4786624849816,37.4481017851175,5.59159597184144
49.6294652385582,15.532656769873,40.0971205287733,3.90390187600717
42.5923659487925,15.3849906932088,16.3027202690661,25.5884490595885
31.1907529106762,17.076695171453,33.7094685240516,-0.332366937665636
22.5937736780472,10.8698998927988,29.7261693520037,0.203550035726989
38.8175653406246,12.1658144730458,54.9708728612716,13.9458851499861
58.9677121931247,14.6054159376523,59.1515096573475,5.91610007473419
56.5743245001647,9.33856402482296,55.413220131498,9.02291483663929
48.568220142713,8.27916153654055,39.9902232548746,29.1871725943713
39.4490510090068,5.95913220060277,47.0847170028038,4.51035166765011
29.9388506918791,2.9320188598016,65.0058927795758,11.5360626282357
65.158888333125,7.26777074605739,69.4043610725506,19.3419248571353
66.954826999149,6.91750647573428,70.8529064341011,18.582540160822
61.9781736477738,5.86926789363423,61.2300442711101,19.6708482062771
52.7507807091469,1.66469934868147,54.5037458507567,18.2996605674291
36.2774031562927,-2.76695812239813,48.2844586324894,24.8234685371224
56.9237095924087,2.33739903656706,66.15346368867,26.8478617249002
72.0497907797921,2.90574574329502,62.4713719692809,28.4561960323162
69.5058773945551,-1.40068492813063,52.6926250472921,26.8974140206198
57.0141550433443,-1.51950245263003,39.0201549445796,23.3149818294348
39.2352047710446,-2.64505077619128,15.192541659389,30.1966106418777
31.6770583536201,-6.24847870684354,24.1914219820733,33.8316633410895
60.4611692654562,1.55291602614997,23.3771779879681,35.9657948056354
64.5215868158642,-1.81176807235402,6.91618386064581,42.3124014279405
57.0549997960593,-3.42607904362811,-5.14152912730111,33.5776247952597
42.8711410801025,-4.33129177300484,-25.4087061891013,36.0294569957187
29.413122906819,-7.07118977600766,-43.0215855343666,31.113852250555
40.9212490912826,-3.16176817308802,-25.7814728968955,36.1007554954895
53.3303944133625,-1.88346035083062,-34.5331557397155,37.8263682679967
51.8461267511308,-3.99882128143312,-45.5721049376026,36.090886509971
39.7977713058974,-4.60054724911944,-63.8689236247505,37.135942666859
26.4194246316471,-7.21978847908571,-74.7104087657015,30.5047555827955
14.607534543077,-7.89852442401608,-68.6229320126636,34.9872846320778
43.0769570220286,-3.25929957106602,-58.2611993784568,30.3416169467581
45.620753842355,-1.8517226660317,-62.1425097437419,28.3874506147219
35.0203970979644,1.47835221142505,-74.8139387061131,33.5964343319968
26.9840527387259,-5.89579269841256,-79.3344216856218,25.3820651579029
14.4398262184069,-5.96492610844425,-88.7692674497308,25.1443897725488
15.3470861857786,-3.44680583203587,-68.2677866534754,28.632440758607
36.6877886454761,-2.74262065045925,-66.6934750371503,33.3185954323382
33.5783449511638,-1.0435877603614,-64.0034373186701,29.70714903631
26.8525501406159,-1.75178075926366,-69.0565436741853,30.3127977001877
16.8153932669884,-6.35600342675884,-71.4594451112933,26.2400983498537
-2.94367581483178,-1.41674517254682,-71.3157712651804,24.9672052954041
21.5636438188578,2.3990533950054,-45.0176470463242,31.3722183674393
32.7981250183358,1.1129461597855,-43.7428656346479,31.7532862628498
22.8795311056111,1.97625906280013,-43.5979539831514,34.2888728713675
16.4422581340016,-2.64921082196219,-42.4455663618774,28.8360468773793
3.96193052383646,-1.41302915583157,-52.9566261451588,33.6961781367961
-11.0113015361307,-5.81958357689991,-33.4340688689968,33.2919675295681
16.629669872565,2.50394345586669,-19.8045409774272,35.9278014103181
15.7595345156085,1.07141995368148,-27.3895967023107,39.2007945442928
14.713023529008,-1.22953545986739,-25.3543589766642,36.0045581717317
2.92925615186584,-4.68909814289119,-32.2040536426388,38.0700645342623
-13.3706067203071,-3.60274528334366,-38.9231237338463,35.0482730994718
-7.01375710812417,-3.56288295757084,-11.0701909190367,36.1211942071178
7.81762287014829,1.19996039022734,-14.6027988901908,39.3015109037565
3.28635571948166,0.284504620404729,-18.6146209258722,40.5449680179784
-2.62111216998027,-1.34691245797609,-24.4685212770188,39.0056466457478
-14.277950381098,-4.83719255191979,-27.0582813842164,31.960434208174
-29.4775540418241,-4.01414285456458,-24.7335125485976,38.1786593852411
-4.20537548176115,1.09549317546322,-9.30047425344861,38.8492376602792
3.64545831469356,-3.31158592770587,-9.58728593529103,34.9006340935758
-0.35464299050718,-8.18263561034848,-17.5562326493666,35.6533031355712
-8.6468791078345,-15.1050076655722,-31.9674162605418,36.9399832159004
-21.9667155576704,-16.8596288213201,-37.0105018282695,30.3594844835441
-19.9152663422392,-20.6450621490578,-20.5636384157742,33.4713326366967
7.63995940277152,-20.7236679290733,-23.9273172901379,30.7542910511434
3.74047549025148,-21.3691304983675,-35.0399919950497,29.9327832349948
-0.782846461233156,-24.1132319327701,-37.9824771868168,7.45531053440603
-11.7609974227825,-23.8011455476996,-72.6667488632852,28.0218211850049
-19.4789591484312,-28.5802653146177,-85.5314789373143,30.2358527821546
2.77859378254638,-21.6279622129294,-80.5861263708885,29.0193663468824
13.1518222602591,-21.1505679164456,-96.2000514550411,28.4156039988859
8.19262919846368,-20.1238162120523,-113.400943141163,25.959180745527
-1.62676934211025,-18.85936475734,-132.455664909524,22.4513156992723
-11.8638898084023,-21.1642357035689,-156.182879659841,26.0683255494799
-15.4616938576047,-19.841791504515,-150.188409067357,28.2992693052925
10.2299132398768,-12.9041182248184,-156.581467729966,32.6369426351433
9.22684287874008,-14.741619237095,-169.079333003316,29.6523304239617
2.05926999129615,-11.3006087349367,-179.592876264762,29.7170548937108
-9.84141451879994,-12.5265036720704,-192.018412334304,26.9946392734571
-22.6258893707474,-14.4722385735328,-198.008027186309,28.9609164503198
-5.20617893912826,-7.59321953750204,-186.176752372221,38.8046319426638
1.02273872945447,-7.52878014600886,-188.169415770283,39.5776115088872
-6.39997076269209,-6.94852435262287,-189.908623320693,36.6762908067764
-17.0325871151789,-8.04150737142195,-194.255192649118,38.4966186111511
-26.6525724782447,-11.0349968750955,-201.244871384641,35.1229914280973
-36.7238711996819,-8.72416952065681,-182.032056836725,43.8754360616841
-14.2294633063202,-4.49607515486632,-177.979799646853,49.0218234908314
-18.788368256401,-3.75319147332194,-173.310802567888,46.3993081998206
-23.069242802581,-6.77429341425605,-177.9186127279,46.2542285802293
-34.9696473185298,-8.3963287738343,-179.790379782952,48.2020064407589
-49.0001456060921,-8.60134981563274,-169.819715627379,52.0370993400833
-25.5922952504644,-1.20290663400842,-148.040109030802,49.5386931296408
-19.9992684025923,-4.0064286668816,-144.150785956791,48.9577045099647
-25.3430264716507,-3.5223935915936,-141.735754478682,48.6200138713917
-35.240778687394,-6.01278041614422,-146.471791733598,53.0272249496236
-48.8602979998948,-4.72998503832764,-142.967578920858,43.2099297520045
-38.8578028786224,-3.49906682161397,-117.193959656015,51.0448686238636
-20.2053858730512,-3.62169343681074,-110.630543749248,46.5127196262233
-25.6981609277176,-2.00668305237271,-109.461886217177,44.7496295830704
-30.8152524745944,-6.25897874771003,-111.655640227195,41.1309000104796
-47.0626023550403,-4.34987916277986,-116.592273213421,43.7632228495985
-56.2531025794677,-9.36476769494871,-97.5596296327083,41.5215793178059
-25.616725628502,-3.18727002595016,-83.1797451135007,42.9722111585976
-25.76918853375,-3.10698025129043,-79.9392332622523,39.2072381041726
-34.9420004842039,-1.43953492311458,-80.221324350749,36.7460723264561
-44.7418890952834,-6.06791178614207,-87.4204436883537,35.3903903183418
-55.6515732466203,-7.60319840978226,-81.8342185235292,31.7761800936563
-41.1030005727835,-2.18678035509129,-58.309112673269,32.2478246005648
-27.9498760843017,-1.16638859487651,-53.3046720621254,29.1298647794597
-36.3340915556028,0.244671446303225,-46.2727967670549,22.3150328926262
-44.7304183402412,-3.48350877027602,-53.1088217093597,21.6185836587769
-54.4800190937362,-4.85936004122044,-107.522014539411,28.258391033874
-63.4305616523286,-8.25793413298795,-124.849306938784,35.4354403257244
-34.5776009679399,-3.65826244912771,-143.602429160412,38.4199176477225
-37.8790570407356,-3.58599711750975,-162.073830874202,45.5079619668622
-43.1908874911431,-5.03084309832115,-174.7053519319,47.3766189235262
-50.6303771190957,-9.9085304470688,-181.317862786631,48.8033468950772
-64.790114895677,-12.6399578994481,-174.7200892385,53.9857200075086
-39.8217479091809,-9.4780581194412,-152.681837041614,55.7811695553832
-33.567381315714,-11.8079371812371,-140.55229858625,50.2008026206803
-40.254693504282,-11.2376838514282,-133.147221882826,51.8283918859503
-47.8437973478728,-17.3927310545797,-127.444830500177,46.5366398697356
-58.2094325294002,-19.7072374816389,-118.540979466167,38.3316792856303
-49.7664163602198,-14.2550188855852,-90.67151043323,46.2597998318405
-29.2590989070252,-16.1293660419802,-80.6932629743191,44.8601650172212
-29.8930562280811,-18.2627586847193,-66.5665006584328,36.365719885897
-38.866096224086,-18.2259641662399,-61.2121270982312,34.320133347745
-45.0666678545209,-22.7607919189615,-58.5867697979434,29.5897702683649
-55.682052148442,-22.6601653541623,-31.9713704718507,27.6036453876082
-21.6157018604437,-17.8840646073297,-19.2220303953031,28.1104821403746
-20.2012972943878,-17.6251796922549,-15.6711723621848,23.3452934472417
-21.886269401285,-21.0656822604453,-14.3114485985552,18.9270544866802
-34.0240132698465,-19.7567594929823,-19.7820092280303,19.2958436541434
-43.3581479942376,-22.6152640977045,-10.7970531371606,20.6169875970747
-17.8296719007808,-13.5329838668244,10.828667626358,17.0781461741778
-5.22219409775367,-19.3996104799444,12.6472289495199,14.858230791345
-10.5827030350049,-16.9331034585642,6.72125691778776,14.0569591384212
-14.2747664225671,-21.4859101510923,-2.36008848540842,11.599450736924
-31.7737241106757,-18.1695478714763,-7.72864094099047,8.53407067135698
-21.0810710337618,-13.43402617056,20.6002928505619,9.88691041760091
-1.6254744644563,-9.58379952831346,18.9673634208976,11.121069812245
-5.16452143588591,-10.8053886726121,17.6312866366712,6.7008433093409
-7.61919437635629,-14.3441656884946,7.59438700523718,5.89620357421372
-21.9979418281406,-13.9889371200014,-3.22287494407516,3.25239404718286
-32.4165924251934,-15.7818049655021,9.87289950958245,6.13200119125449
3.35885052722198,-14.20795090276,19.09050417544,3.34114018776251
-2.24819315635063,-8.19429037012286,10.8034962047632,9.10829913990502
-3.26662775918687,-11.5113356496169,1.99861327762886,7.89842194143393
-15.7425541066831,-9.5805210860571,-6.90542021072761,3.43144734753705
-25.9343532317599,-14.2198494978799,-12.0375119240439,6.11634941461229
-6.88846273312703,-8.30755963627056,6.19002319095665,4.47904854167022
-1.15966367374264,-8.21401618190757,2.37377265179222,3.99448587055989
-1.6785928300627,-11.5780048653641,-2.11861081129536,3.98663463714193
-12.4062970946272,-9.78434662542324,-14.5627104911681,3.47132700335404
-23.6987204030629,-11.9294362663962,-23.9893861963319,3.11926192098023
-20.7365481756332,-8.03408355245649,-4.64176501975547,9.72712048937836
-2.2739972279533,-4.29648354891571,0.488809045568352,7.08442730929952
0.431323461514566,-7.60150820874142,-4.45724180620763,7.12036422265993
-10.7240039464199,-3.73617072862273,-10.7779347709379,4.00606688954296
-19.1043942392578,-9.84652812842299,-22.4295852875178,7.05785189913527
-36.0613971221085,-7.8740937251899,-5.17039936175138,6.19036974734953
-2.97809893849415,-3.31402222735477,2.80619001769686,5.77381634912785
2.04525211391656,-6.44467522673897,0.187165588084889,8.99003642087485
-7.07821981505889,-2.20387112592181,-4.6895551919154,6.77227431305137
-12.1863875951216,-6.59400734218968,-15.3477764823622,7.25775753597112
-24.7289354837845,-8.62386575078287,-13.3346395387467,5.64309626947392
-3.14893761637963,-3.04351475336116,5.22132993681629,10.7069544044825
4.4663228794077,0.160050970783737,3.66907753679344,11.9405214199057
3.03620043964861,-3.37013680995025,4.59284980800448,5.9225906872233
-5.61934564288877,-5.11156556230485,-7.31870753826944,10.8300111073165
-21.2822895043725,-4.95281091416549,-19.8347546106421,10.7965275875552
-17.4965519548199,-4.60099553552519,3.14171466570232,15.5056320506593
9.51792187417952,-0.36691055088199,8.84875838578345,10.6010159562996
7.44290813180824,-2.94454689003257,5.65378593665358,8.47221633193038
2.64774665610954,-3.93357845151824,-8.92718052649351,14.1296515450193
-11.1850407890002,-3.34070881912791,-16.6585495842819,7.47937677008523
-23.2081997646226,-4.64953588785087,-12.6975438146685,10.7618480475788
9.49163903019794,-3.67214351721136,-8.27220511943891,13.8956817958141
16.8665875055708,-5.97784316465171,-15.9987283829265,14.6787120549572
14.0683833556644,-7.83225417932066,-29.3313776711193,12.5573234904817
1.80235063648887,-8.51542229717851,-39.2130635265279,12.0338792813358
-11.8918488599114,-7.50072583424986,-51.0017685452814,12.4500299074126
2.76760400380694,-5.356923353738,-32.8715212382791,11.5352087482941
13.5026625510115,-6.11248476187838,-42.0623367821399,17.2473000063084
11.2741636896777,-7.56395774298559,-51.050217436548,16.5807648553381
4.68293847116176,-9.29838717653307,-62.1221380219771,16.1105765987899
-7.06419706650122,-9.0424894388034,-70.6419273951097,12.4682874205494
-19.8134643984569,-9.67470592226209,-57.4672814021054,16.2586348390835
7.34378829639342,-1.60770338589969,-53.1979581803587,16.1853249456037
11.3482186723232,-8.00254377601687,-62.7426776274959,22.7018558627228
5.14675624925917,-9.09501118335863,-68.2455785703229,21.0663905094239
-8.26835179866333,-8.01949094512293,-79.0628453300311,20.8259525288648
-20.6481172458736,-10.0573781086609,-70.9193730151842,19.0097971083073
8.07592680328105,-5.53114061982835,-56.7136617556157,19.8777458676833
11.4702825726368,-4.55029576966095,-61.9023830399721,23.1788830123013
10.9040728183387,-7.94363044821552,-65.4895980018268,18.581871093316
-4.02990009230647,-8.63158485775767,-71.2049470070555,17.4389133070581
-11.1272813732797,-13.7723656231782,-82.9388677354185,21.8418221787924
-5.94189230490346,-7.80587601997193,-57.3661284259761,21.7023524079411
11.1917178887646,-5.9408423702467,-53.2345883355301,21.5909537061681
8.3295848944369,-7.31731346064445,-57.1562737187759,24.4584240932979
-1.9780735951771,-6.78696811077562,-62.9519870746165,17.7357411952118
-12.4449097823883,-8.60567040314153,-74.0504002063205,21.338310663583
-25.6492311152574,-10.3899032390406,-56.6734243431107,23.6358734527166
7.24613173100112,-3.22332239570324,-46.6264229300056,22.8662837903736
9.04496391466327,-6.53132844107596,-52.6946800240198,26.6628469437733
2.1737189280565,-6.99658748628708,-56.6776715794162,25.3151503791262
-9.66300919687307,-7.48552428099491,-64.6666921747527,22.1105861883775
-24.8288126254592,-7.28674487621993,-62.3270053394032,18.4116831933404
-4.51978475422681,-3.71236176164003,-42.8260205155753,22.2291955247231
6.28060115590785,-4.60103733176103,-44.5559275637334,24.2973264600165
2.80138514802975,-6.29490711020537,-50.3716174344198,26.8826520716735
-5.93806890402396,-9.53596277122134,-58.9478479263337,28.3658162847676
-19.1287185791057,-11.293788808114,-63.7799134382119,26.4208265833663
-31.1730628533019,-12.0992995391138,-53.8941854579364,38.6817944037584
4.93787250015914,-16.8740828137911,-48.2424530210747,45.0053280919314
-1.17174743831071,-17.7328351895263,-49.1351489517177,42.263083679048
-6.90383613090027,-22.6307818056726,-58.8790344354566,44.1162976838261
-20.9192655961401,-22.5428617466079,-74.0182294396746,49.0727596672649
-32.9287835892974,-25.7896698993089,-73.8835427320647,52.9267980642951
-4.78968009322278,-24.5415895489167,-63.2210084804979,55.3604609665747
-4.94876731612863,-21.4852943178688,-68.813859997029,51.7328285551715
-8.44781760968623,-22.4676235925025,-76.6773245701031,52.9793350783596
-15.6261870392089,-26.5466483632895,-97.9859049271648,57.9216403030592
-30.8076737513244,-25.7397143351949,-117.105574284093,48.6204837751246
-21.1469793670336,-25.9110553880115,-100.685628756772,50.9048665087998
-2.63582882365474,-22.8992921729102,-103.45175869271,44.7103403138518
-6.16395620286014,-22.5822696406763,-117.950843101752,47.0973993061548
-17.5430365493845,-19.7206986648828,-131.098418528336,42.5316909091455
-29.1816500362059,-23.315970555161,-148.644938680791,38.5018154166185
-38.4177216443803,-23.4538294007303,-139.363669468104,36.257061904312
0.136360088879726,-17.1976485431987,-135.643131982111,34.5380405153436
2.44507832710113,-14.509030201645,-147.057369955129,36.3087278410578
1.57568169068013,-17.611776326194,-153.412604343638,31.3543482146331
-8.19364251754553,-18.8815391984947,-164.353958511354,26.3753530557875
-20.0377341471716,-22.745573237553,-175.699989946598,29.4377759827001
1.4010469492612,-17.3980494383963,-149.676269531583,26.8021596153548
13.8554226323691,-17.0906850814977,-150.401376329386,27.9687301873261
10.5096936571164,-17.7498683587843,-145.268601338777,19.9064074766867
0.467537717527048,-17.5008348009781,-159.749415168245,23.4899890329565
-11.5643960178563,-17.8296545589025,-164.671602751966,21.7140109645234
-25.8213212765764,-17.9121044577343,-147.337833939805,21.9605819051603
7.2495441376803,-13.3861284549316,-131.739417135538,25.3678155317477
9.51425785102389,-16.2477713660906,-130.120936505127,23.0191656707499
4.41970081649958,-16.0556567725357,-127.324635515022,19.1165241520525
-5.13668432700255,-16.9487705321343,-131.60548861238,14.3464996016537
-20.6039332574597,-17.3479599558065,-133.806559104308,15.7637817743728
-1.79637636607123,-13.5013713968514,-106.56832224956,23.9549808466128
11.8669946092926,-10.6111991556289,-94.7009788675306,17.2830785842232
6.97401425125871,-11.5955892767924,-93.9162362911717,21.0146252323225
-5.32850659583958,-10.998991867641,-93.1970321776253,13.6621869962241
-14.5429058077634,-14.0936036283279,-102.611909045942,17.3216468951648
-26.4306793962337,-15.2588273757102,-77.351001345578,18.5612951404969
6.0456196578191,-9.72512239553768,-63.71420958329,20.4244232414486
7.21669321316423,-10.8368747224351,-65.4368601445156,22.8581984146091
0.481942068858761,-10.7191274331578,-61.4112068916141,16.6404956280837
-11.4335497201149,-11.4093235874788,-69.748370546752,15.1764174723743
-25.2348123012639,-10.1034681294729,-65.2355128263404,9.94848006307114
-4.35487922475274,-7.47331691777459,-38.3512228305826,16.1521538518018
4.23202181966107,-4.97495762103694,-36.1554945641272,17.1380974210292
4.20076840465321,-9.86224400806921,-38.0799929652105,19.7108108029992
-8.5348337962657,-8.81858305113538,-40.5741620760507,13.4093507845315
-24.8075709926169,-7.27218557770794,-47.0650547248582,12.5812814621619
-29.4831353386569,-9.76263181145896,-21.5979599488062,14.9115877608476
-1.20458053821216,-3.94249955631821,-17.29143194787,15.8373610149584
-3.31021234549431,-5.63976717943353,-13.4091034715268,11.1736637622283
-7.82955036450493,-6.42859139850465,-21.9999603311756,8.82949579766402
-22.5095815634604,-9.87580355666309,-27.2819110470294,4.88071623238325
-41.330323946471,-8.66698877789227,-16.4534867567922,7.05947499000541
-12.6696673949839,-5.16059524563453,-0.644757951213381,13.4457556279936
-5.5061159870063,-6.85839530531107,1.23386023668529,13.4209577096499
-14.1388528288931,-6.24378190615181,-3.80591302977792,16.554097320113
-23.7991954494593,-8.98913661633619,-13.8830016967377,16.032723133978
-37.381149827332,-13.6320898400616,-14.96828640995,9.82522834443377
-27.7229971054295,-8.80897649663312,11.9524891901584,11.7448351128911
-13.5045424666012,-5.07310206722822,15.6632547264085,11.1141420572861
-15.684705197304,-8.18870532376562,14.182292718008,11.5894229783654
-24.1474063842612,-6.39231679884928,4.3810071141401,13.2486696596315
-33.7007893989642,-9.27419957428886,-3.48267746463871,15.9321887460252
-47.3887098373361,-7.92449337210863,14.6014258667824,19.183670835236
-13.0480396417112,-4.89984834601454,22.3380382998372,17.7034113942941
-16.1421043927049,-4.61190625320466,24.997918189419,15.1543803034071
-15.7188657265759,-9.60258330220039,16.2893305190046,11.3077406949719
-29.5878264173052,-9.81661094060209,5.79300940635718,14.1992461277592
-42.0185704783339,-11.2356149101449,11.5582784432081,16.5412586148729
-15.3925803273616,-3.44900045727848,31.9102823938217,15.4487384859115
-6.13007552003382,-4.41348186642883,30.0808723624221,16.5576223175325
-8.39527104189552,-4.87948277685607,27.5197842587639,14.489350010399
-15.5294643815233,-6.531751940515,19.1165261486466,13.2710436607667
-27.0663552219827,-5.64355926547827,16.7474749049108,10.8962100338945
-11.3873379177665,-1.68890168226823,38.2947626718773,18.2944602977182
10.2014788386301,-0.425979100270339,44.8844545217435,19.2211751322635
4.64338635679781,0.309017421396796,39.8919191049181,18.056568002966
-3.11047441813092,0.935035212035651,29.0793922136234,15.4770407484193
-6.41747543694251,-3.4350643401066,14.5847756463464,18.2801106026984
-4.23829712223752,-6.0039440732433,41.0057836864688,14.5448667398025
31.5480365410156,-0.22070103799549,44.4389162394762,17.4182113840032
39.7338532770477,-5.73368644755365,41.3596897367966,14.9005706004985
33.977217140938,-3.50564404419915,31.3337668677512,15.6095834978354
29.9867573901396,-9.54606523109733,20.6985977671303,12.7389761918435
15.6568614292131,-9.61382330825946,20.9684484764826,16.0782293456127
40.860321588894,-5.67070964536815,36.9508368866802,17.2102212563218
47.8684363962155,-11.0087841105629,30.5977528210409,19.2623676349997
41.086296129329,-12.6922754914531,24.7439221090164,19.6467389558981
28.6132107533094,-17.6204117074761,11.43216422515,19.9768338767796
15.0571650340097,-19.7820591336563,5.42870328174412,16.9495782995746
6.09395299218063,-19.5922133566528,25.2313140931159,23.2560443998537
31.0289972370397,-17.8195905033063,23.2812157213494,22.3698420377413
22.7773145975455,-19.743152050065,19.8671616482077,19.5631072471805
18.6963099054549,-23.9320973354014,3.91923754686488,26.6119412651445
-0.333155448602756,-24.506818482254,-5.83138119213375,25.6287514356628
-14.910676912998,-27.1711516007906,-5.08228173108738,24.4399655099399
8.15793115559128,-27.3861351323651,2.1273864685879,31.7551173194958
5.06785520301584,-25.4402001339458,-7.55665815767789,35.6708127769069
0.372674868359717,-28.6449907456763,-11.7297385221143,32.6349430956208
-10.7611014603839,-29.3217324199575,-31.5008272911994,39.7715934162083
-25.7958321211961,-30.1578182039391,-40.8787109993904,35.2862722572304
-33.9623604367272,-29.4380113330091,-30.4809831341213,40.2694277681827
-13.1866403980734,-25.9757908107801,-40.1066104929918,47.8951631743936
-16.6514013260674,-27.1307335445434,-41.9905315932304,43.6092187427713
-22.3835107383981,-30.9777194867016,-54.9115406220611,45.7864921682838
-35.5627798852075,-28.2758930000802,-62.3650109416442,43.1092883797272
-47.5726552996516,-32.4237414724043,-75.6713813427542,46.2080272400399
-29.7209096632411,-28.3040772237574,-64.3852229255346,52.7780581658579
-27.8852206027352,-27.9563254585389,-68.1006962353546,47.88692712908
-32.9214407466132,-26.9052432692554,-74.2918740515824,47.8417940299199
-45.1308591288109,-25.5543483343859,-87.9959212638825,46.1978159219875
-60.1672904252988,-28.2803024440375,-102.598802844564,46.5831912206276
-71.9326913033423,-30.6902764918469,-88.1728018470478,49.2309181285156
-45.564373714687,-25.8326477157747,-86.4899761328922,47.1029246538781
-49.6736232754179,-27.9787159421712,-87.209116422286,41.9346041290684
-60.8047792281514,-26.1821458087834,-99.6348042881391,45.7930368967221
-67.777950368714,-28.2536672199822,-110.163275053603,47.3665720952996
-81.8629523137162,-26.5350176884458,-108.814805945675,42.8620617950955
-62.3095879791392,-20.5162383623986,-89.2600549760307,43.6649888616693
-58.4966565533,-22.5479160659169,-91.3356304059206,42.1709559419593
-58.2851463649386,-22.5245604097164,-90.5471741354909,37.2762058154191
-68.0968359925309,-22.3475908549784,-103.190891984256,39.6990091155521
-78.3535997484848,-23.0313575156551,-104.452882751681,33.1150389808329
-72.4052829419157,-17.9525618666724,-87.3195877004668,39.0048439760498
-54.541662922921,-17.4578387983721,-84.5835685878876,36.6957165635188
-59.5673234840853,-16.5051818115804,-84.3991588810904,34.7884975158259
-60.8051985020233,-19.6591831825257,-86.4965104116365,28.4325240827908
-71.2887185372983,-20.9576728774846,-95.5436318023723,29.4948393682216
-82.9037512386235,-18.2741688488873,-71.8997810332489,26.5327136704496
-54.642068767781,-10.1269478207207,-62.528190719118,24.0742328746322
-54.4566431423617,-12.8579715730022,-71.476470057948,30.8510118302352
-55.7106645221633,-13.4338596013689,-67.6101283167655,18.9969137805371
-63.1282509410357,-17.202182735993,-80.0513932356049,24.9541736886575
-76.0294711262558,-14.788412432219,-62.8281270197854,20.6998665796778
-40.8503522371753,-10.6584479776991,-45.3054654268561,18.6972935787547
-34.9865047985504,-11.2707494780448,-47.0646303622046,20.871648677868
-35.365363151597,-10.5199957922023,-52.5738399509015,20.0381145634861
-43.3771395925237,-11.9796633030522,-54.6441915434943,17.760493568783
-55.1403901570939,-12.1589649551763,-54.1159506283099,16.6814718642154
-35.4950532857607,-3.22250533430417,-29.9696866977154,20.4711584517948
-13.6620978575634,-8.1005592555584,-29.4975817052146,18.5081393772389
-16.3448098241184,-5.89286231392208,-34.8960466812978,22.0156644126492
-25.3869635094999,-6.65809414544131,-40.5495083334059,20.5189419970902
-38.1224965914954,-9.71493211554721,-42.8642420134517,12.0229973400314
-28.912239850792,-4.83863438582166,-17.9751420930195,15.2020774902137
-7.44188961566616,-2.22307333349452,-15.9920054727975,13.6697673404201
-7.47740796390554,-3.66808849290566,-21.8354175583386,16.7291526327383
-15.1055251481006,-3.07529079322388,-20.2548505629368,6.56417545091305
-24.8386957965888,-5.02406986148895,-33.4457771209661,9.89809719287708
-30.4765935154451,-8.18738200721161,-17.2457299173292,13.6556676770682
0.6029759874932,-1.93535982949468,-7.30180399293119,10.1660237737454
3.72772348368472,-1.26964440687391,-10.6027923428846,11.9812269213967
-3.20307809794129,1.50120776319063,-18.5406935642896,13.5180678867816
-9.15445791838216,-3.78717638475651,-24.9151272667736,9.22490916128337
-18.8758565134765,-9.13164669950763,-16.2557336409114,12.202276882172
9.30941020927967,-0.903816065767365,0.716300789352825,11.9541112502035
17.4976747282364,-0.653833152525886,-4.2961696761477,13.0105775369678
16.2182117083204,-1.65338936104631,-3.35541936812247,8.58126805673943
5.03787845149492,-5.3193148149876,-14.6588430653068,11.0585457935053
-8.83504843928777,-0.982695390073141,-17.2309733251015,11.6305034211961
12.2970102948789,1.45015831426295,5.96144821386931,10.2531562595156
29.5274758080834,1.46795784088601,10.9546474289799,9.14777986958241
29.0806176366871,0.698252684411996,3.14187977531807,11.3558606439418
23.5377312870866,-4.08173926357638,-0.775500455951747,6.91440652851097
10.0562254457464,-3.5482788843961,-12.3608197337914,6.25774817536733
6.39339125587105,-3.30597805056162,8.01225825149452,11.0380966812715
40.6083409455581,2.4871054710589,13.3435734011927,11.7241223918512
38.7765594446368,0.420666026182779,10.4327250036041,11.8286293163484
34.309420443427,2.10100847640986,3.23524567320873,9.82053088803111
26.4104413598336,-3.66691023999101,-9.84898656449808,10.5780083780315
12.321397872768,-4.3948579808591,-3.03061703448981,14.8910512620492
40.150526666922,-2.17496713262298,17.144012531829,12.0309487261077
46.238358620419,-2.83133304185705,10.1797220703655,17.2349542202273
46.2840856039034,-9.24247875835091,-2.34074660224103,22.806905856132
32.5709148648528,-10.8161269535079,-17.2516088985092,22.6637531764227
17.9394769163366,-14.4432559409352,-35.0906953188754,24.8947805590208
21.1452246882729,-16.5749034386424,-17.1939303953256,27.4675285643114
47.9649076713783,-14.6817088302868,-19.1868696082841,27.4173381060389
43.129247469764,-17.117571772846,-31.7882316646995,32.7427542431132
35.7800824254416,-16.9138304155793,-47.6739426475988,30.2917426762481
21.679812539942,-20.0063163376927,-64.3100961369996,32.3588519216901
13.8991416446556,-24.0482666734052,-55.5256815563485,32.2401521254123
40.3665677827062,-16.3594774140782,-44.7860450441698,31.1501860625742
44.6214165083526,-19.4949149948889,-52.8415902322176,29.2650919300889
37.9581874241108,-20.1570695030222,-64.7247136265514,29.5829290891281
30.6261079744036,-21.7606702020847,-75.8411552045921,29.3050977139162
16.7229562716849,-22.8392429731374,-82.627279142374,30.4355991863178
34.240329337758,-20.4889782932149,-61.3049486692939,31.9042890974759
45.9851830731705,-17.7561279585384,-62.0022499054431,31.5571994766289
40.4955573411347,-20.2163302245102,-61.0363305514829,26.1394697181008
33.5769927637132,-22.9540237021718,-70.7451174617082,26.917218125719
19.2242688869433,-23.1871665576542,-78.7566199791367,23.6417224411675
12.4386360124155,-22.4939455420776,-55.5156680832482,23.9670913135777
43.2264541942481,-20.2696644521608,-52.9701213880304,30.0083741023476
38.6936711315137,-18.1256043637444,-55.0177257635937,28.6821405333106
33.3894168943777,-18.996510083028,-64.78828797829,29.5058470838315
19.08175269636,-18.7167872569071,-69.9701962329835,25.6495323928472
3.70016465533828,-17.7537985322194,-59.8983511353168,28.7525399424876
37.8403632528703,-17.6215354988739,-41.0291684444062,26.2178350701956
39.6290997117592,-13.8926147411682,-40.7133858401122,23.8920015911534
37.8254008724207,-17.8517117524301,-47.0490065809081,24.4378430856234
27.8075151368988,-19.7575663974811,-53.7600727218858,24.004195651114
8.12294960663407,-14.0423623232754,-64.060690021284,22.7561501488401
23.2199361864277,-17.895971185756,-37.7126752759068,26.7540836744824
44.880850549914,-15.9155846061207,-34.7593163877111,24.9876246698482
37.9076958019636,-15.0982778370876,-37.6994290102191,26.7032328258048
27.6034049890282,-17.1184026416007,-41.7062617965331,19.0651352340293
14.7703118754311,-15.6037638697859,-55.9755073653851,25.9404469340094
0.990693274827767,-13.2452163759803,-36.2428602138348,23.028419451302
33.5402800593938,-8.93296711501214,-29.1794864103211,25.5268870025082
32.1315162097656,-11.2493271665917,-31.0716802930688,27.9926417661127
28.7119654736823,-14.5264154683396,-42.209346645297,35.4146571189268
14.6734681875413,-12.5664669257839,-53.9340939766411,43.695217084781
6.41123714840649,-15.4173794853426,-61.5794844871121,53.7385237429281
25.6672732735576,-8.86342548833023,-46.0142875793506,53.0169628116902
37.1132595305472,-8.22673612165053,-55.031919407213,52.4119190807371
29.6202120346344,-6.41550708563115,-71.4328458416239,57.3064806778112
23.7744072316981,-9.39071628334662,-88.5549480202091,53.8701574124155
13.6908412184964,-13.0048289014507,-104.268627856291,49.3718906020327
15.3825214174357,-7.24885651099473,-91.2062608507871,49.9715730053042
42.0228465061878,-6.2793987385646,-92.0561495085733,48.2699268289569
40.2352339027724,-9.50265089511145,-102.322770102263,43.2392297859913
36.1261113450432,-9.39852343863459,-123.284086596486,41.9353542220621
23.0756224362082,-12.1290188412402,-134.456515737015,35.0224661582165
9.81606456815236,-11.9427965923805,-127.184719990235,34.5427215864521
40.4113905612863,-5.51922995490384,-116.11843469906,30.4206046982509
43.2306386744594,-9.89672419595354,-124.750183055308,31.1527609522925
39.0724848960928,-10.1142211957364,-129.375643811092,25.6845323831169
30.2693486029342,-14.0167356705328,-136.837464259033,19.1498277809587
13.4666413869754,-12.7315435288435,-144.886346026699,15.9922202894738
25.669656895467,-8.60698004162643,-125.907192812326,23.445730445182
41.4682619835875,-9.39339150451714,-117.281126382537,13.3659114763664
33.1702793725587,-9.22278323232726,-129.1490663434,19.4169418644765
25.5148273635742,-11.9769118677917,-132.120246053911,15.6679352317714
13.4960075386849,-15.0584478624274,-135.854844189755,7.02667116166713
4.07369999718724,-17.1981166857135,-122.302956341761,15.8133497436319
32.4637793163526,-12.7453054958019,-114.450489184095,11.2389125552326
29.7599513857581,-15.0598426348253,-109.604144219966,6.52840044874874
23.4411820976453,-13.3367583223997,-116.97706867038,9.24906993445812
9.2990915523932,-14.4464951667335,-123.078743837018,6.58418582605277
-1.39722165957894,-18.5957390391894,-114.826694080061,8.94814068332809
22.1528053811114,-11.4327920432953,-97.4721545049221,9.40798384757227
27.2584674027575,-12.1477362621499,-95.0613531756963,9.11626828655253
21.1493280114846,-12.8652971486197,-95.673106691033,5.57552069363771
12.486323520144,-15.2378062055738,-101.155337496569,4.08016097573419
-1.86088387546167,-15.8479068737208,-101.401299048658,2.02072480775386
9.74403211069814,-9.77905537401498,-77.6285836345869,8.11180830141702
28.0045326864468,-10.6340500505666,-72.740213960695,9.35533917488069
24.692193347582,-11.7318449626975,-70.4058830799698,5.07565055767899
17.9704847079218,-13.6277426254103,-77.4662653477723,6.59100330274754
5.72499580277314,-15.7474071763896,-76.9411520010741,-0.572367648366975
-2.36962538407552,-13.1121290219332,-60.4607739440823,4.88561057832527
33.2573953581129,-10.6814905766855,-53.5663970773513,7.40107423214295
30.3030037466128,-9.64001602809856,-46.6972478093598,0.390874504937619
29.5848047201491,-10.5622055086901,-55.6297723309118,4.46220933981234
13.3967835709185,-11.0332257263678,-62.6613978884577,4.54424182636174
5.26909557940609,-14.4773879659614,-56.2413011181483,3.53447827321994
30.6215683944813,-9.61581794811219,-39.3173777494839,12.705929116045
35.9587096361154,-6.25849646954701,-33.2459594903087,2.57420831933877
33.6099431530168,-10.6723507250931,-39.7819894399492,7.14313022235389
24.4189663839719,-11.6648192969789,-43.8441311663939,4.11797226085451
9.98956347271661,-9.79352790092448,-49.6787617499026,0.553507424230528
11.6605696243007,-11.9724950768488,-28.3789753309806,6.71318154244002
36.211247842691,-7.52623033060701,-27.1631928290977,8.20716469053865
33.0385330734242,-8.26980092827262,-25.0812297376878,6.79193367414354
27.7415267632315,-10.5490673768761,-35.1155544798981,10.255820952984
12.4512918628015,-9.21067936401233,-45.1911561639505,14.2014135186595
3.69382903798627,-13.5810390182772,-41.0194124425795,26.0857445383881
27.3758888255159,-6.50556415202557,-35.4599574014418,31.0281369797505
32.1365986552919,-12.050613214154,-44.5125984254098,35.8881775302706
26.7608372746068,-14.1704773267028,-53.8837040299531,38.80142311013
19.5106609212906,-17.5297927293449,-70.4112530639698,43.9359349317109
4.51755491394097,-18.1946434396655,-73.0952574582657,39.5541838371709
24.4715552985889,-17.9175472401015,-61.0678489203054,48.3352110944127
36.6787513678972,-18.8548755633638,-60.4098550670298,42.5133250044987
28.3812918495532,-18.2593134863642,-70.8337748752336,46.426283725146
20.3470379187395,-22.4364163651027,-81.5142909565478,43.8345007952413
11.3562899064826,-24.960820063175,-85.0035929570641,33.0552647846407
12.7658532234042,-25.5600083898402,-67.9950055289116,37.5919865272928
40.864927405095,-25.8612521097564,-72.0913140509715,42.2978700516761
38.5368760471641,-25.4205034934671,-71.7530703910236,35.8387540705683
33.6246708839418,-27.3587604816738,-80.7362977877613,32.7372391996398
23.6056421887932,-29.7884258581332,-94.1037533050899,34.5860116065446
14.4046824126181,-34.3916035526823,-79.1824845850057,30.8203564516005
48.2055040121797,-29.7701324076231,-67.1671848617697,31.2244571242393
49.798782771145,-27.1219821658576,-72.1330534498461,29.8155783826308
46.9154557400636,-28.3305353246815,-82.2232809201406,31.041336880663
35.7618532375794,-30.7108267574183,-84.9529696042463,21.6501166864378
22.514655249613,-30.3381729750362,-90.6870838300659,22.6679845597844
43.8818164816357,-26.40277413344,-60.3347047688948,16.6711766390229
57.0305410554564,-25.9951514183559,-62.8044300318735,17.3101045649933
51.2883806272807,-26.4237454069782,-70.8649655966005,21.4446321277459
44.482213207138,-27.9669017963059,-74.3400592110751,12.032916373472
33.0238221269959,-31.1074548832763,-83.2777780702972,12.2858367450655
26.2058206800661,-29.5065594386152,-67.7929262051615,15.8492667707735
51.3699087039082,-23.1596036989442,-63.669180828973,16.5923730792415
55.0775622239973,-28.5123555226951,-60.3199080078238,9.54998944493638
47.3837143003453,-26.5131279257188,-67.0861383673503,9.60672752347795
33.5698960265193,-26.2256597999515,-79.0082797377318,11.8181008398172
19.5772596132172,-28.4837949569361,-62.8105782935908,6.17491810869584
49.6696192933447,-22.5621382117829,-49.2031500002197,6.09193954189832
46.4176074305692,-21.6454270550225,-51.70015689324,5.45003306176232
43.7105031855617,-19.1679363488709,-61.5724404336257,9.16617875236696
34.5793995601483,-24.0442633099704,-61.5615951131247,1.66267915448675
22.769968148209,-25.1050428296723,-60.7236719786792,2.57472232768702
45.3262977864038,-21.1133573236744,-38.3777856377264,3.65740496415469
52.8472463770907,-17.5870321375347,-39.7016008321288,3.64017972256829
47.6458097671761,-17.0726415832005,-44.7645422266997,6.54599656353688
40.8300138162834,-19.3605910456493,-48.009820614808,2.20715082185671
29.276487420042,-19.435274131891,-53.5482174365544,-2.0246580655445
37.2646794896898,-19.1876570407874,-29.2507503288666,0.548595792667494
58.0293180996527,-14.6377993859892,-26.8765873148892,4.16163203742592
55.5464766340705,-18.8206083823998,-27.1979931713115,2.68980481523441
50.9217889799633,-17.3491001120143,-35.6931382141515,3.12997722967442
34.5181111050584,-18.1561339092719,-42.5187823352176,2.57349362977358
24.224906792871,-17.7610453000325,-25.7519720484398,5.29648854434742
53.7445786975059,-10.6996661491539,-15.5347600444632,7.0585442976939
57.7778542242168,-12.7711672988473,-15.7977802906346,5.6403428725421
55.0410237214488,-14.789244135518,-19.6879151677784,-0.280418154197208
43.7863854536798,-15.0112279834959,-28.787834088125,1.83935980921181
27.9520675115651,-16.4271204309002,-25.8146049907854,1.63795356877564
51.8546350915984,-11.4092387629587,-11.075492621127,9.28756924402317
58.3478651393217,-10.9363550312027,-6.22331331244912,-1.43290286357139
52.5326200513586,-9.52534333672156,-13.1692600334034,1.80431758083572
43.064553410818,-12.1596137150371,-21.849684264507,0.161749170639849
31.4098224769501,-15.7917531808253,-34.5427212378406,1.09194410280369
36.7259323632713,-14.8694213920309,-8.6231130167058,-1.90044934730661
48.7727051079019,-5.73797330041239,-11.7769224858456,3.1840433370251
44.8721073263394,-8.48448721298061,-8.05040996319453,-2.89185598558073
36.7969699905978,-9.42413640189073,-19.0717935251205,-1.54473353027287
28.212623116868,-13.3372056031345,-28.1252128297811,-4.4357609434305
12.6711873290456,-13.4793425042103,-13.3193530273953,-1.3328422958652
45.1556857028649,-8.29563545509397,-5.49064981373845,-0.0587034608721728
37.4396661562899,-7.2459884629001,-7.91465535412873,0.17493362111372
34.621467176007,-8.09614368504867,-10.8039700667626,-4.72654509454576
29.695906619476,-13.7776760983887,-23.3606031715451,0.857482527733638
13.7473029453824,-13.7875223252828,-16.4465060740876,-2.21801103082551
37.4200788951839,-5.2924127490481,-2.0211394390809,1.12754390845723
43.7047949279658,-7.31788842389722,-1.92216513484996,0.243010237257013
37.1863462434846,-5.64591252579427,-5.17693471411656,-2.03506480657922
31.4509445018216,-10.1033651688387,-15.7805296078815,-2.55618328070153
18.057317351943,-12.0857825888095,-21.2081153611563,-4.8828174981559
26.3489192278226,-7.8910283944726,2.78069659586939,1.07220478190874
46.2765442491192,-6.73370770078803,3.92913470052696,-0.279384240980272
41.14579281484,-7.97633191890548,4.45686255603415,-2.15813945783392
36.9197380705742,-7.45039376209664,-3.42998492538486,-3.36862890263805
21.7816536768939,-9.61571770098732,-11.5732460242552,-3.73466611631072
12.2063582291517,-10.5439286750416,1.2147742314327,1.22636380961674
44.3917115988779,-3.88837932709145,10.5147865812556,7.8779800957328
44.0140845523804,-5.92365650860924,3.44041441029884,15.5633084878618
39.4206829257691,-7.97134267318982,-2.70944877221325,22.8207895412412
25.1182165588774,-6.26321084777008,-10.4683189201891,23.1227342830426
13.9387234057682,-11.5867950466304,-16.4413901763346,34.082669290799
35.3825528803576,-7.45049724208439,1.57248056991955,34.6401674599028
46.5970192467025,-9.9360834554825,-4.13413942231726,35.6696947099351
38.2479219886327,-9.12310396487287,-12.9715478470834,34.4232814255879
32.8156473985955,-16.1224164205397,-24.8472842922922,31.5425372298672
23.2297795770537,-19.4129220401755,-38.4106701653504,26.4571628690112
27.8303589024798,-18.9247981930221,-26.8031118815464,31.691361464953
49.3081144287689,-16.332078732296,-31.3658930946709,26.6057495042504
44.7024018339093,-19.153985152382,-45.147916716845,29.8114416554189
40.7104067213525,-21.3467826679723,-56.7749215726163,23.7503981137092
27.5859027018111,-18.2929438819534,-72.70459560797,20.2811415243415
16.6039947031944,-23.6589591046618,-63.8159250407175,15.9067052465103
49.6881069185187,-19.4950474935006,-59.3357600298221,15.7912880412293
51.2910632399881,-20.57359939242,-70.9290247797171,18.2124607153739
43.9880214161758,-18.370022547796,-82.3442298747485,16.4363453841845
38.4971234127452,-25.4061591587634,-95.257127883084,13.2968531760077
22.6443409757104,-23.125223071554,-102.434846530859,12.1625383168899
47.2781299910021,-19.1137538533088,-87.4583103547979,16.6688393560849
56.0814679679609,-19.4531464217334,-93.3716150504553,16.0511630015938
52.2850491761277,-23.2686794865486,-93.0368437510983,11.782249197847
40.8236772965194,-23.8961537238958,-105.292709292762,12.3427853924847
27.4722825456498,-22.9516942456127,-115.914926362022,11.8682425566392
31.0500944356576,-22.4150938567234,-93.9356879798082,17.83322689153
56.5880906960422,-20.1959453105376,-88.9265988687274,16.1078885063243
55.3877378757334,-22.0874418912925,-90.1949580839182,16.9624459780598
48.2339098136596,-22.7299231274254,-96.2764545180803,15.0161756164337
33.813686742373,-24.256268406933,-102.113982435185,15.3928882953322
19.5198680148048,-25.8919176732173,-87.2959631876995,14.2392309996632
47.7611760251306,-18.6840184980486,-76.9784026863378,19.025443013889
48.850468954865,-18.4478784142118,-80.1705093004058,17.340987806342
44.3406160923729,-21.2922345912735,-79.382906201222,10.2023843398228
33.2066802005541,-23.2661313663743,-88.7218452590746,12.6402598817277
17.557728040266,-23.8325641847911,-89.2565581485151,12.407324734389
36.7121780050789,-21.4162703337552,-65.9211619201071,13.5846201884992
48.6252340301863,-22.0295360598864,-65.9094336650917,19.4207298500719
34.5619459567464,-17.8359146459188,-65.7716769440537,12.4374702313788
28.2790116161313,-21.846344149562,-76.061781399353,15.1958503463539
16.3798287768322,-21.3264702850798,-77.9102959022806,7.9048767686584
5.92805608010274,-19.5561309251779,-60.424707313058,11.7539766860124
37.0944531413186,-18.6742431956238,-49.8552209525411,10.2686468408442
32.193365998932,-18.828374769577,-53.5478578402243,12.0459298023753
27.3323546125997,-22.9637136818877,-64.9633285199515,13.3492739849168
19.2788078325511,-29.4508358219705,-72.3812460632579,3.31777212438026
6.53977420382134,-32.3016824556367,-68.6187929080709,2.14625737527005
35.3157410786117,-31.6995847903932,-62.8669091875209,9.25480553583614
38.6714310861277,-33.7977126027764,-74.1844336019855,11.5250703320483
36.2385108228906,-37.0466882552172,-94.8782914336908,3.78156947365551
28.7289752933269,-40.1581144669794,-134.620277819547,-0.0338558222066698
23.5113773327803,-44.0931014541152,-151.322608445337,4.59479980941707
29.9249000907058,-43.9183376619515,-131.298256083303,0.0228078608024358
51.0331534844583,-40.6729358755293,-145.0773228596,-0.919768674856385
47.1321123246396,-39.8152356986763,-160.063468056945,-0.544957888480706
41.7869397795643,-43.0828209822875,-180.120260272598,-4.81064319501744
30.3837649963163,-45.7985551730223,-198.331881671031,-6.23174379956236
20.2060670115236,-45.8196715835078,-192.039897121501,-4.02211049028667
45.9529514477064,-36.7566871590101,-184.533997222579,-4.51999662168482
45.2250493219629,-36.4911974598585,-190.637722521666,-7.28995757669807
41.3505471899357,-36.3009484029463,-194.170183767758,-10.4376030683799
29.3292261845477,-38.0312771536312,-206.964485316649,-5.84687943167701
16.5779530775133,-36.9607131869662,-211.22299015746,-3.78529703891694
32.5219494447188,-30.1038204980777,-185.297644562264,-1.68658801810487
42.4194486525263,-32.1077524340781,-183.603008183368,-0.812796009376989
36.0483301495024,-30.0538020808925,-177.758954473152,-3.96849960316736
20.6364682072862,-27.6030048298276,-182.982518858273,-4.91586820331235
11.0595362730846,-28.7207741080235,-193.54686441027,1.96428884183711
6.06642253782869,-29.0968394648185,-157.522722828039,1.19056782935057
34.4482630742412,-20.1505372967458,-148.185198912747,6.93264793139325
35.3212966398564,-20.6793147955519,-148.257585901374,6.95471569226071
30.9542306492439,-17.0769466675879,-150.8255833583,-0.549902860032568
19.4808728767945,-18.0516600388769,-154.261667847113,1.44494137639186
6.96432448857062,-18.1863440092955,-140.665920808474,2.87546679170067
41.3238983870624,-15.8830737544177,-114.386581355464,4.42040296823533
41.4151316609398,-8.02640366163765,-111.974573663156,7.17263357977674
42.4827277403995,-14.2057213713859,-110.073330297987,7.51039312345135
27.4964596096304,-14.2461794602959,-112.019409948675,3.96819957913718
15.1215907817131,-15.3262491240869,-121.009688310655,10.8568219356675
30.5456690993398,-12.2200264248327,-86.7015142474909,7.17051626496316
38.9539999805809,-9.17844908550365,-83.9780128169267,11.0288594887268
32.3285987121448,-11.5374987945067,-78.2043571139895,8.02319383990117
18.2494660153292,-13.6520070644781,-87.3541694314509,6.34158192357066
3.82714698597808,-17.2990689835934,-95.3727862729731,14.422885200484
-9.71660329848959,-12.5774937372385,-66.694020372221,12.3960380982361
27.6937539359655,-8.30004207865097,-43.9505817424793,16.4731582158399
27.744151186641,-7.33184330167871,-14.0329117171917,29.1254890330564
10.6797659216621,-16.0177455534077,-11.6907743370001,45.9989411207697
-12.0719252693208,-22.3825806785766,-12.5386073284864,39.305215657322
-25.5788962765166,-17.0943886068487,-27.8233805663656,35.3636526572008
27.7321591195727,-3.05742409812345,0.00686865064337326,29.2619443406735
27.8678468278249,-6.80558905521413,1.31271658634336,32.6867683970746
18.3970912931432,-9.31608319885111,-7.82958053304472,29.1941877087214
4.53010221107723,-15.1791716639307,-19.3318000922861,29.7951271155834
-14.2548501531307,-14.755976574112,-25.2315060505041,26.2623570356092
-0.277356246711232,-10.9138441300743,-2.71203905807922,31.6597322835642
17.0799774479002,-10.009416251339,3.66707030207439,27.9522620228989
5.85779956377223,-12.5857709902859,5.45620222162451,25.2058322811553
26.9005176883936,-4.95970085253887,0.306492165768766,20.4788967641841
-27.6011788009854,-21.0547776783581,0.738534060193589,37.0528752990142
-21.4248251592896,-15.8264415316304,11.560936822392,23.1983362841235
18.8190875925635,-12.8371089383855,30.1087085846617,33.7243821912783
12.2597801663402,-20.6205524341703,33.0961786599061,35.9381275659549
14.2809072405949,-14.8831895355477,10.4075464890112,28.4302924819012
-1.32995770024655,-16.5690812188437,-0.310570675517229,20.6719954153067
5.18960727763621,-12.2966196331742,-3.69493511511601,20.4901989965932
51.2459506279194,2.00540252091249,7.35361898780027,18.5336081515901
50.6184655211538,2.57400448555797,9.66732838646028,19.0543602743113
43.9156782551489,3.59615383077053,2.44353762358339,14.1099966721662
32.7969699953548,-5.56381537777031,1.08278310902605,17.4964143882125
18.1134675918323,3.4282653739226,-6.42299348857064,27.0967422925883
23.0588357288663,1.08070235835716,20.9980556719304,20.0055968931744
43.8902511487262,5.92946168956971,11.732563109752,16.1179014160378
43.4929757509846,10.6771362038306,-0.119545977533912,9.51043957543587
30.0545610041054,7.30553632376859,-15.012148593903,17.6703221998906
20.0726480747206,2.54393286989932,-20.7780638006641,12.319760092013
8.51366069009309,3.95772231763693,-17.3918583428004,15.582660155452
